email,password,lastName,firstName,cookie
craig21@example.com,0T3YF$mr@&,Dixon,Leonard,eyJhbGciOiJIUzI1NiIsInR5cCI6IkpXVCJ9.eyJlbWFpbCI6ImNyYWlnMjFAZXhhbXBsZS5jb20iLCJ1aWQiOjEzNCwiaWF0IjoxNzEwMjUwMTU1fQ.71K84zlQGDjRMcimA7siOXQEAxlmztWLWEKAnYu0ei0
stacy47@example.org,1E!qT6Qnz(,Davis,Jesus,eyJhbGciOiJIUzI1NiIsInR5cCI6IkpXVCJ9.eyJlbWFpbCI6InN0YWN5NDdAZXhhbXBsZS5vcmciLCJ1aWQiOjEzNSwiaWF0IjoxNzEwMjUwMTU1fQ.gauHYvjDO4yejNPqA-XYsVhzK7AIZEkXppbB2QH8yVc
joshuaduncan@example.org,0(5SHsj3gM,Moon,Matthew,eyJhbGciOiJIUzI1NiIsInR5cCI6IkpXVCJ9.eyJlbWFpbCI6Impvc2h1YWR1bmNhbkBleGFtcGxlLm9yZyIsInVpZCI6MTM2LCJpYXQiOjE3MTAyNTAxNTV9.cVlw3ae073h6LIsM0EAhZ6u7yIONhIn5vHLN_-ccj5c
jenniferwelch@example.com,t3+Xx0_N$8,Green,Lisa,eyJhbGciOiJIUzI1NiIsInR5cCI6IkpXVCJ9.eyJlbWFpbCI6Implbm5pZmVyd2VsY2hAZXhhbXBsZS5jb20iLCJ1aWQiOjEzNywiaWF0IjoxNzEwMjUwMTU1fQ.F-6-fumMndgAsUNoXweTMApn3kmlcBNekict8iuwDoQ
stephaniemitchell@example.com,8So&1NAz#i,Sharp,Mathew,eyJhbGciOiJIUzI1NiIsInR5cCI6IkpXVCJ9.eyJlbWFpbCI6InN0ZXBoYW5pZW1pdGNoZWxsQGV4YW1wbGUuY29tIiwidWlkIjoxMzgsImlhdCI6MTcxMDI1MDE1Nn0._DA5f55azVlLRnc58ZUeu5-KwwTINe09xpxgM5_OWzA
schultzmichaela@example.net,p@y5E*a7#M,Bell,Christina,eyJhbGciOiJIUzI1NiIsInR5cCI6IkpXVCJ9.eyJlbWFpbCI6InNjaHVsdHptaWNoYWVsYUBleGFtcGxlLm5ldCIsInVpZCI6MTM5LCJpYXQiOjE3MTAyNTAxNTZ9.An6j1rTbekanqFmsHltZRi-01aWISXfo4W3CT1SRpWU
ibarnes@example.org,P*s4q3Fhh(,Gaines,Rachel,eyJhbGciOiJIUzI1NiIsInR5cCI6IkpXVCJ9.eyJlbWFpbCI6ImliYXJuZXNAZXhhbXBsZS5vcmciLCJ1aWQiOjE0MCwiaWF0IjoxNzEwMjUwMTU2fQ.XxWgUwlY2FwVWZiNW8iBkFkcTxZHoCoY0ayHvf055Wg
debra11@example.net,W+0FP^d1z8,Stone,John,eyJhbGciOiJIUzI1NiIsInR5cCI6IkpXVCJ9.eyJlbWFpbCI6ImRlYnJhMTFAZXhhbXBsZS5uZXQiLCJ1aWQiOjE0MSwiaWF0IjoxNzEwMjUwMTU2fQ.kwEGwFyyq15CYA6nLUfgmhRgObmUiL0c_KjqBREsmyE
ngates@example.org,EI8OpkaiP(,Rhodes,Tiffany,eyJhbGciOiJIUzI1NiIsInR5cCI6IkpXVCJ9.eyJlbWFpbCI6Im5nYXRlc0BleGFtcGxlLm9yZyIsInVpZCI6MTQyLCJpYXQiOjE3MTAyNTAxNTd9.iofBH6hquOGtnRGY4H4UOx3Uw1nYO3P2oqvpnuilldY
donaldtravis@example.net,5IRYJiog)+,Morales,Jennifer,eyJhbGciOiJIUzI1NiIsInR5cCI6IkpXVCJ9.eyJlbWFpbCI6ImRvbmFsZHRyYXZpc0BleGFtcGxlLm5ldCIsInVpZCI6MTQzLCJpYXQiOjE3MTAyNTAxNTd9.XxsSR5xw1hSsNk7lf8bPEK6vLpk_GUoTdjOb3mnOJcU
parmstrong@example.org,77LNaZ&c_F,Perez,Edward,eyJhbGciOiJIUzI1NiIsInR5cCI6IkpXVCJ9.eyJlbWFpbCI6InBhcm1zdHJvbmdAZXhhbXBsZS5vcmciLCJ1aWQiOjE0NCwiaWF0IjoxNzEwMjUwMTU3fQ.LI3Zc4URdjsAzCtu1sPApkZlVcGJWqt7K2Fap8kCmKs
florescarolyn@example.net,bj0DTK*u!2,Vasquez,Jeffrey,eyJhbGciOiJIUzI1NiIsInR5cCI6IkpXVCJ9.eyJlbWFpbCI6ImZsb3Jlc2Nhcm9seW5AZXhhbXBsZS5uZXQiLCJ1aWQiOjE0NSwiaWF0IjoxNzEwMjUwMTU3fQ.Sy5J6kgx8nM7kVfsm2VAoZum-lnmogowiJa6AoZkChM
rberry@example.net,*9Co1jqw8h,Marshall,Brianna,eyJhbGciOiJIUzI1NiIsInR5cCI6IkpXVCJ9.eyJlbWFpbCI6InJiZXJyeUBleGFtcGxlLm5ldCIsInVpZCI6MTQ2LCJpYXQiOjE3MTAyNTAxNTd9.hSTw3hg4Hl0vsoSCgAdJvzhaUZDRRtWePhQBUW_yZl0
njones@example.net,u%9HS8ideC,Perez,Maria,eyJhbGciOiJIUzI1NiIsInR5cCI6IkpXVCJ9.eyJlbWFpbCI6Im5qb25lc0BleGFtcGxlLm5ldCIsInVpZCI6MTQ3LCJpYXQiOjE3MTAyNTAxNTh9.xuRhBgDCvpblj7gYqKoVZ6tRgJSrgjvNp6egwEO1ErY
hollandedward@example.net,re2vFg(2j),West,Brian,eyJhbGciOiJIUzI1NiIsInR5cCI6IkpXVCJ9.eyJlbWFpbCI6ImhvbGxhbmRlZHdhcmRAZXhhbXBsZS5uZXQiLCJ1aWQiOjE0OCwiaWF0IjoxNzEwMjUwMTU4fQ.bGiIylo1HthiSmW6ux5BR-cFcBkWR3YP42s37tr-8G8
kimberlybrown@example.com,S(S0QDob^X,Dominguez,Stacy,eyJhbGciOiJIUzI1NiIsInR5cCI6IkpXVCJ9.eyJlbWFpbCI6ImtpbWJlcmx5YnJvd25AZXhhbXBsZS5jb20iLCJ1aWQiOjE0OSwiaWF0IjoxNzEwMjUwMTU4fQ.Uka7Y88fJV7pm-ErvKxDP6DDUVE6CbvtZ93DXFpbKPs
yduran@example.net,&GK#2FgyAM,Williams,Jennifer,eyJhbGciOiJIUzI1NiIsInR5cCI6IkpXVCJ9.eyJlbWFpbCI6InlkdXJhbkBleGFtcGxlLm5ldCIsInVpZCI6MTUwLCJpYXQiOjE3MTAyNTAxNTh9.9so4aSydYhyR41Ij_C8Ju8dQICTIMFb5S2x3aO3GANA
umcdonald@example.org,ES5R%Zne)R,Hernandez,Deborah,eyJhbGciOiJIUzI1NiIsInR5cCI6IkpXVCJ9.eyJlbWFpbCI6InVtY2RvbmFsZEBleGFtcGxlLm9yZyIsInVpZCI6MTUxLCJpYXQiOjE3MTAyNTAxNTh9.lT6fgl0_3LYeYp_4s4elTXC8aCr55uOwhb71vTDMgd0
tonyberry@example.com,Af*W0jOfxF,Gordon,Emily,eyJhbGciOiJIUzI1NiIsInR5cCI6IkpXVCJ9.eyJlbWFpbCI6InRvbnliZXJyeUBleGFtcGxlLmNvbSIsInVpZCI6MTUyLCJpYXQiOjE3MTAyNTAxNTl9.PpqZHuaDyLENsd7HNXSrrsEYZtc4zCb3tXkS9LUV1NQ
manuel55@example.org,+1C1&q#wZJ,Hale,Christopher,eyJhbGciOiJIUzI1NiIsInR5cCI6IkpXVCJ9.eyJlbWFpbCI6Im1hbnVlbDU1QGV4YW1wbGUub3JnIiwidWlkIjoxNTMsImlhdCI6MTcxMDI1MDE1OX0.bAHCalrdMq8Xx6HA4Q-o94JhDy1pDfKJ0A8Udy92CTc
